relevance,id,query
5,1070124,ionic 4
5,1839778,ionic 4
5,2088520,ionic 4
5,1168848,ionic 4
5,1861088,ionic 4
5,2092722,ionic 4
5,2305792,ionic 4
5,1867628,ionic 4
5,1211226,ionic 4
5,1206948,ionic 4
4,1836270,ionic 4
4,1325912,ionic 4
4,912670,ionic 4
4,701998,ionic 4
4,1296510,ionic 4
4,846884,ionic 4
4,1194928,ionic 4
4,1515202,ionic 4
4,2339296,ionic 4
4,2048721,ionic 4
3,2256700,ionic 4
3,1600118,ionic 4
3,2590852,ionic 4
3,2311242,ionic 4
3,2361638,ionic 4
3,2429224,ionic 4
3,1279168,ionic 4
3,2276149,ionic 4
3,2367134,ionic 4
3,1235680,ionic 4
2,1492840,ionic 4
2,2322428,ionic 4
2,2654110,ionic 4
2,2199082,ionic 4
2,2368608,ionic 4
2,2259072,ionic 4
2,1159550,ionic 4
2,1157150,ionic 4
2,2007350,ionic 4
2,1822684,ionic 4
1,1517994,ionic 4
1,986894,ionic 4
1,2272144,ionic 4
1,1593382,ionic 4
1,1283622,ionic 4
1,1355438,ionic 4
1,815344,ionic 4
1,1078440,ionic 4
1,1644490,ionic 4
1,2318168,ionic 4
5,1141368,mindfulness
5,1251176,mindfulness
5,2065799,mindfulness
5,544828,mindfulness
5,613214,mindfulness
5,2076402,mindfulness
5,680048,mindfulness
5,2397370,mindfulness
5,722462,mindfulness
5,1932476,mindfulness
4,1656862,mindfulness
4,1645046,mindfulness
4,1642240,mindfulness
4,1639288,mindfulness
4,1412618,mindfulness
4,523328,mindfulness
4,371922,mindfulness
4,2078698,mindfulness
4,2204132,mindfulness
4,884716,mindfulness
3,2595718,mindfulness
3,2343632,mindfulness
3,926846,mindfulness
3,1153842,mindfulness
3,1136882,mindfulness
3,924116,mindfulness
3,1216582,mindfulness
3,813718,mindfulness
3,1985450,mindfulness
3,2369754,mindfulness
2,918040,mindfulness
2,1433870,mindfulness
2,773196,mindfulness
2,1970088,mindfulness
2,2206444,mindfulness
2,869790,mindfulness
2,2021702,mindfulness
2,1253456,mindfulness
2,2347276,mindfulness
2,854478,mindfulness
1,2642602,mindfulness
1,1658802,mindfulness
1,370952,mindfulness
1,1390730,mindfulness
1,977402,mindfulness
1,237172,mindfulness
1,1419908,mindfulness
1,708602,mindfulness
1,1860674,mindfulness
1,2658334,mindfulness
5,643206,embedded systems
5,692956,embedded systems
5,1628766,embedded systems
5,2102512,embedded systems
5,1016402,embedded systems
5,1859846,embedded systems
5,1343682,embedded systems
5,227314,embedded systems
5,2068149,embedded systems
5,985468,embedded systems
4,304160,embedded systems
4,2709110,embedded systems
4,1134686,embedded systems
4,1993278,embedded systems
4,1010340,embedded systems
4,1506534,embedded systems
4,1535624,embedded systems
4,2667126,embedded systems
4,2704518,embedded systems
4,2803043,embedded systems
3,995252,embedded systems
3,1342982,embedded systems
3,1989052,embedded systems
3,1626732,embedded systems
3,1446668,embedded systems
3,2704522,embedded systems
3,1848938,embedded systems
3,256494,embedded systems
3,1400866,embedded systems
3,2102718,embedded systems
2,1246254,embedded systems
2,1288110,embedded systems
2,2632028,embedded systems
2,42271,embedded systems
2,2524950,embedded systems
2,1628092,embedded systems
2,1626770,embedded systems
2,1149408,embedded systems
2,2765886,embedded systems
2,1553756,embedded systems
1,1620216,embedded systems
1,1993286,embedded systems
1,250094,embedded systems
1,1525414,embedded systems
1,915690,embedded systems
1,2007116,embedded systems
1,2662302,embedded systems
1,1722110,embedded systems
1,944046,embedded systems
1,1481998,embedded systems
5,292628,chinese
5,1349102,chinese
5,746700,chinese
5,2468694,chinese
5,1032208,chinese
5,342322,chinese
5,1325114,chinese
5,1266440,chinese
5,715744,chinese
5,1363234,chinese
4,2279260,chinese
4,1315710,chinese
4,788826,chinese
4,2237742,chinese
4,1281216,chinese
4,1284592,chinese
4,1331710,chinese
4,1281124,chinese
4,1365604,chinese
4,1069230,chinese
3,2322740,chinese
3,815322,chinese
3,963960,chinese
3,1284560,chinese
3,2058789,chinese
3,695464,chinese
3,2181166,chinese
3,1692994,chinese
3,715732,chinese
3,1773514,chinese
2,596760,chinese
2,1335998,chinese
2,2003912,chinese
2,1704672,chinese
2,1151044,chinese
2,721760,chinese
2,2212298,chinese
2,1108990,chinese
2,667334,chinese
2,667410,chinese
1,494852,chinese
1,2263884,chinese
1,1259160,chinese
1,1079048,chinese
1,1032472,chinese
1,1546900,chinese
1,1184108,chinese
1,810058,chinese
1,656358,chinese
1,833588,chinese
5,1197206,illustrator
5,1514258,illustrator
5,65306,illustrator
5,1623798,illustrator
5,501140,illustrator
5,1246168,illustrator
5,502138,illustrator
5,628786,illustrator
5,71688,illustrator
5,1503540,illustrator
4,1331602,illustrator
4,1559396,illustrator
4,1641282,illustrator
4,1383810,illustrator
4,416548,illustrator
4,595876,illustrator
4,21477,illustrator
4,637672,illustrator
4,1614570,illustrator
4,1547048,illustrator
3,1611640,illustrator
3,1202746,illustrator
3,1984658,illustrator
3,1164278,illustrator
3,741100,illustrator
3,1296910,illustrator
3,815086,illustrator
3,1486688,illustrator
3,1022032,illustrator
3,1797382,illustrator
2,2401332,illustrator
2,406424,illustrator
2,2601628,illustrator
2,10317,illustrator
2,1561024,illustrator
2,779214,illustrator
2,2226658,illustrator
2,1680814,illustrator
2,1380990,illustrator
2,19063,illustrator
1,967486,illustrator
1,1032306,illustrator
1,751230,illustrator
1,1384994,illustrator
1,1954574,illustrator
1,2253244,illustrator
1,147660,illustrator
1,563708,illustrator
1,738198,illustrator
1,1423468,illustrator
5,857010,hacker
5,437490,hacker
5,742220,hacker
5,1408632,hacker
5,1527300,hacker
5,614772,hacker
5,1011114,hacker
5,984734,hacker
5,2642432,hacker
5,281138,hacker
4,931384,hacker
4,1577450,hacker
4,1266732,hacker
4,1160930,hacker
4,157842,hacker
4,957218,hacker
4,2231800,hacker
4,1601020,hacker
4,1360976,hacker
4,1387936,hacker
3,1120884,hacker
3,687824,hacker
3,1415700,hacker
3,1228390,hacker
3,432514,hacker
3,1469086,hacker
3,1329554,hacker
3,959158,hacker
3,2234854,hacker
3,1221158,hacker
2,828062,hacker
2,2027098,hacker
2,1527462,hacker
2,2035846,hacker
2,1231866,hacker
2,1477910,hacker
2,1042706,hacker
2,1034272,hacker
2,759534,hacker
2,1118724,hacker
1,851896,hacker
1,1355026,hacker
1,1226372,hacker
1,562264,hacker
1,565078,hacker
1,1252472,hacker
1,1755264,hacker
1,350872,hacker
1,1687478,hacker
1,1289926,hacker
5,864146,agile project management
5,946742,agile project management
5,362632,agile project management
5,665152,agile project management
5,131816,agile project management
5,646076,agile project management
5,896264,agile project management
5,555696,agile project management
5,1591290,agile project management
5,328266,agile project management
4,1502458,agile project management
4,501238,agile project management
4,806710,agile project management
4,848496,agile project management
4,2013892,agile project management
4,281672,agile project management
4,1918248,agile project management
4,522094,agile project management
4,1163356,agile project management
4,1978132,agile project management
3,1061808,agile project management
3,1301968,agile project management
3,2513790,agile project management
3,1460374,agile project management
3,321770,agile project management
3,988630,agile project management
3,783758,agile project management
3,2002862,agile project management
3,1518696,agile project management
3,2561004,agile project management
2,2253870,agile project management
2,758538,agile project management
2,948850,agile project management
2,2343714,agile project management
2,1559988,agile project management
2,505136,agile project management
2,2005582,agile project management
2,988574,agile project management
2,292612,agile project management
2,1525644,agile project management
1,1358224,agile project management
1,2551033,agile project management
1,1479014,agile project management
1,780485,agile project management
1,1733402,agile project management
1,2533700,agile project management
1,453010,agile project management
1,2085526,agile project management
1,1956400,agile project management
1,1886950,agile project management
5,635974,sketchup
5,222122,sketchup
5,1774636,sketchup
5,529180,sketchup
5,1117281,sketchup
5,387738,sketchup
5,1770808,sketchup
5,861106,sketchup
5,1543022,sketchup
5,1437728,sketchup
4,1277146,sketchup
4,64945,sketchup
4,1962346,sketchup
4,1779578,sketchup
4,1863114,sketchup
4,22985,sketchup
4,1558508,sketchup
4,1284428,sketchup
4,2356948,sketchup
4,2215244,sketchup
3,826330,sketchup
3,1402592,sketchup
3,1642044,sketchup
3,507172,sketchup
3,2650206,sketchup
3,784812,sketchup
3,1055650,sketchup
3,295705,sketchup
3,1068574,sketchup
3,2071657,sketchup
2,2206454,sketchup
2,600614,sketchup
2,1514082,sketchup
2,1560716,sketchup
2,1311786,sketchup
2,2290017,sketchup
2,1831998,sketchup
2,1703242,sketchup
2,2325846,sketchup
2,283978,sketchup
1,2321270,sketchup
1,1887286,sketchup
1,2471192,sketchup
1,2330510,sketchup
1,917976,sketchup
1,2659800,sketchup
1,662014,sketchup
1,1397402,sketchup
1,1702150,sketchup
1,2337990,sketchup
5,246392,api testing
5,694982,api testing
5,1265410,api testing
5,1780636,api testing
5,1645294,api testing
5,1449262,api testing
5,1132310,api testing
5,675248,api testing
5,1248784,api testing
5,729746,api testing
4,2145336,api testing
4,2290725,api testing
4,1433316,api testing
4,2424796,api testing
4,2163808,api testing
4,897478,api testing
4,2494910,api testing
4,1677376,api testing
4,1013608,api testing
4,1022928,api testing
3,1323780,api testing
3,1159824,api testing
3,526104,api testing
3,1056846,api testing
3,970600,api testing
3,648448,api testing
3,2073424,api testing
3,473372,api testing
3,2446490,api testing
3,1238324,api testing
2,990536,api testing
2,386242,api testing
2,2199094,api testing
2,1603160,api testing
2,810166,api testing
2,2258732,api testing
2,1159826,api testing
2,1751808,api testing
2,1459426,api testing
2,1485842,api testing
1,927642,api testing
1,995164,api testing
1,1768502,api testing
1,2629968,api testing
1,1159838,api testing
1,802366,api testing
1,2832362,api testing
1,1727928,api testing
1,2260646,api testing
1,1259828,api testing
5,42271,guitar
5,456284,guitar
5,1132342,guitar
5,1359058,guitar
5,971962,guitar
5,658816,guitar
5,412970,guitar
5,667186,guitar
5,661328,guitar
5,112314,guitar
4,1149658,guitar
4,1424294,guitar
4,2402778,guitar
4,1247672,guitar
4,2029644,guitar
4,416434,guitar
4,759972,guitar
4,476988,guitar
4,1196496,guitar
4,96698,guitar
3,1349674,guitar
3,427066,guitar
3,2527774,guitar
3,1940880,guitar
3,403078,guitar
3,1119092,guitar
3,315812,guitar
3,812914,guitar
3,1013558,guitar
3,2385668,guitar
2,755198,guitar
2,764534,guitar
2,837828,guitar
2,1051856,guitar
2,1116196,guitar
2,1348930,guitar
2,618634,guitar
2,173776,guitar
2,1643582,guitar
2,42251,guitar
1,1958472,guitar
1,1803784,guitar
1,2394058,guitar
1,897162,guitar
1,1995328,guitar
1,1259018,guitar
1,902474,guitar
1,1257976,guitar
1,1619446,guitar
1,517148,guitar
5,949846,french
5,293814,french
5,523138,french
5,582720,french
5,844132,french
5,86480,french
5,1407190,french
5,1093956,french
5,272680,french
5,1152810,french
4,612580,french
4,2348600,french
4,1563850,french
4,1201004,french
4,2205380,french
4,1849962,french
4,1530288,french
4,416232,french
4,2116722,french
4,1040602,french
3,2483102,french
3,532326,french
3,2037622,french
3,2337684,french
3,1809674,french
3,2155060,french
3,263818,french
3,2270098,french
3,689134,french
3,332758,french
2,606590,french
2,1829000,french
2,2179858,french
2,2650876,french
2,2304026,french
2,1772126,french
2,2733298,french
2,94070,french
2,1032138,french
2,715616,french
1,486644,french
1,1583718,french
1,1076808,french
1,1304620,french
1,1303930,french
1,1162170,french
1,1273150,french
1,1304846,french
1,1846508,french
1,1663594,french
5,2496622,engin demirog
5,1485296,engin demirog
5,1830530,engin demirog
5,2690596,engin demirog
5,2014780,engin demirog
5,2257204,engin demirog
5,2574858,engin demirog
5,2596618,engin demirog
5,2293331,engin demirog
5,2737994,engin demirog
4,2584122,engin demirog
4,2664556,engin demirog
4,2322990,engin demirog
4,2063129,engin demirog
4,2046030,engin demirog
4,1496280,engin demirog
4,1752082,engin demirog
4,1827498,engin demirog
4,1753350,engin demirog
4,1047303,engin demirog
5,1362070,react js
5,1076168,react js
5,1374394,react js
5,1078522,react js
5,1471444,react js
5,1208638,react js
5,1252630,react js
5,1221442,react js
5,1134390,react js
5,1049092,react js
4,1143524,react js
4,2365916,react js
4,1847900,react js
4,434980,react js
4,836044,react js
4,2066425,react js
4,2195280,react js
4,1294186,react js
4,2645112,react js
4,2623348,react js
3,1895550,react js
3,2554823,react js
3,2018828,react js
3,1144840,react js
3,2708348,react js
3,978850,react js
3,1697832,react js
3,2056209,react js
3,1254714,react js
3,764042,react js
2,645714,react js
2,1006894,react js
2,1383606,react js
2,2385972,react js
2,2834040,react js
2,2839780,react js
2,2362678,react js
2,1872796,react js
2,751176,react js
2,1678614,react js
1,2551297,react js
1,1856566,react js
1,1079148,react js
1,1667060,react js
1,1355690,react js
1,1001910,react js
1,2450864,react js
1,1631686,react js
1,1676298,react js
1,554326,react js
5,914296,email marketing
5,1332238,email marketing
5,1270870,email marketing
5,1684832,email marketing
5,1286352,email marketing
5,437658,email marketing
5,573994,email marketing
5,573984,email marketing
5,1931752,email marketing
5,456132,email marketing
4,1132688,email marketing
4,403314,email marketing
4,333074,email marketing
4,2070057,email marketing
4,1756808,email marketing
4,378936,email marketing
4,802116,email marketing
4,598764,email marketing
4,1600628,email marketing
4,1223416,email marketing
3,637620,email marketing
3,727988,email marketing
3,1528840,email marketing
3,699524,email marketing
3,260388,email marketing
3,820326,email marketing
3,517536,email marketing
3,799718,email marketing
3,789716,email marketing
3,1813840,email marketing
2,89354,email marketing
2,1174446,email marketing
2,1316658,email marketing
2,1240960,email marketing
2,1869238,email marketing
2,1580296,email marketing
2,618722,email marketing
2,920130,email marketing
2,1576038,email marketing
2,2104892,email marketing
1,55390,email marketing
1,1318352,email marketing
1,2217998,email marketing
1,389024,email marketing
1,1115508,email marketing
1,1368526,email marketing
1,1525194,email marketing
1,172734,email marketing
1,2753438,email marketing
1,1314442,email marketing
5,1340842,robotics
5,655940,robotics
5,790596,robotics
5,1304562,robotics
5,1096902,robotics
5,1346444,robotics
5,260470,robotics
5,2580536,robotics
5,1141780,robotics
5,1435554,robotics
4,992574,robotics
4,1394884,robotics
4,1735138,robotics
4,258232,robotics
4,1673956,robotics
4,563576,robotics
4,863338,robotics
4,2592180,robotics
4,1341176,robotics
4,2113960,robotics
3,1327158,robotics
3,2298946,robotics
3,1550862,robotics
3,1601740,robotics
3,1200512,robotics
3,2426284,robotics
3,1926628,robotics
3,1705120,robotics
3,948974,robotics
3,1193690,robotics
2,929956,robotics
2,2279412,robotics
2,1172254,robotics
2,1406272,robotics
2,2592152,robotics
2,2217496,robotics
2,1157976,robotics
2,2389042,robotics
2,1240076,robotics
2,864494,robotics
1,1788290,robotics
1,2327244,robotics
1,631058,robotics
1,2095768,robotics
1,639096,robotics
1,1228590,robotics
1,859554,robotics
1,2684178,robotics
1,1157982,robotics
1,2700144,robotics
5,793796,excel
5,566284,excel
5,516446,excel
5,49250,excel
5,948866,excel
5,977438,excel
5,1341936,excel
5,164058,excel
5,1506888,excel
5,636822,excel
4,1122362,excel
4,690066,excel
4,321410,excel
4,818104,excel
4,1137048,excel
4,1680824,excel
4,773214,excel
4,39292,excel
4,509114,excel
4,1568798,excel
3,219776,excel
3,1212882,excel
3,257992,excel
3,787396,excel
3,1414992,excel
3,1310208,excel
3,9385,excel
3,659464,excel
3,959724,excel
3,9287,excel
2,1399780,excel
2,600086,excel
2,2070737,excel
2,386004,excel
2,629418,excel
2,63229,excel
2,2542943,excel
2,270852,excel
2,656432,excel
2,835820,excel
1,1346516,excel
1,1392410,excel
1,492470,excel
1,680602,excel
1,31535,excel
1,899082,excel
1,757446,excel
1,2365840,excel
1,1251062,excel
1,986974,excel
5,1054944,psychology
5,593074,psychology
5,497736,psychology
5,791690,psychology
5,1199470,psychology
5,1384954,psychology
5,650794,psychology
5,666956,psychology
5,1104308,psychology
5,1328606,psychology
4,989650,psychology
4,430306,psychology
4,1586110,psychology
4,27696,psychology
4,1691724,psychology
4,1164384,psychology
4,508508,psychology
4,2275491,psychology
4,2339058,psychology
4,543210,psychology
3,1757138,psychology
3,905198,psychology
3,1445888,psychology
3,106926,psychology
3,326958,psychology
3,1356080,psychology
3,1199916,psychology
3,2047187,psychology
3,1933710,psychology
3,500014,psychology
2,1312124,psychology
2,2826735,psychology
2,552354,psychology
2,1811660,psychology
2,2367110,psychology
2,1726030,psychology
2,2012994,psychology
2,1981842,psychology
2,24792,psychology
2,2131338,psychology
1,2473724,psychology
1,792104,psychology
1,2327650,psychology
1,1760486,psychology
1,1947952,psychology
1,1736188,psychology
1,147272,psychology
1,1850364,psychology
1,322500,psychology
1,2230076,psychology
5,1091520,cbt
5,248826,cbt
5,870998,cbt
5,1632674,cbt
5,1265890,cbt
5,1112734,cbt
5,1606056,cbt
5,2338196,cbt
5,1166522,cbt
5,1606068,cbt
4,2072037,cbt
4,327288,cbt
4,1992144,cbt
4,1221956,cbt
4,1507958,cbt
4,2663368,cbt
4,1974156,cbt
4,1129210,cbt
4,1891142,cbt
4,1933078,cbt
3,1719944,cbt
3,2297798,cbt
3,1179574,cbt
3,1625132,cbt
3,2379388,cbt
3,1321186,cbt
3,2252656,cbt
3,2436462,cbt
3,2328720,cbt
3,2246294,cbt
2,1093550,cbt
2,1994948,cbt
2,1536116,cbt
2,1029844,cbt
2,2236198,cbt
2,1670326,cbt
2,1917196,cbt
2,1651964,cbt
2,2777470,cbt
2,933610,cbt
1,1157732,cbt
1,777172,cbt
1,1157740,cbt
1,481344,cbt
1,2441900,cbt
1,1993968,cbt
1,2809553,cbt
1,516832,cbt
1,2437740,cbt
1,2859792,cbt
5,533682,java 8
5,1265942,java 8
5,1701388,java 8
5,358540,java 8
5,821986,java 8
5,1421116,java 8
5,1211292,java 8
5,1535678,java 8
5,1453872,java 8
5,618736,java 8
4,827692,java 8
4,870252,java 8
4,1019810,java 8
4,1014442,java 8
4,359550,java 8
4,448574,java 8
4,1692036,java 8
4,345340,java 8
4,1393734,java 8
4,1285808,java 8
3,1326802,java 8
3,895138,java 8
3,1001946,java 8
3,1301088,java 8
3,1789268,java 8
3,1209146,java 8
3,1286174,java 8
3,597468,java 8
3,529444,java 8
3,1003242,java 8
2,610292,java 8
2,1993718,java 8
2,1876394,java 8
2,1228490,java 8
2,1464072,java 8
2,911256,java 8
2,1656228,java 8
2,802946,java 8
2,2707184,java 8
2,1309166,java 8
1,354176,java 8
1,620486,java 8
1,552508,java 8
1,1035518,java 8
1,45006,java 8
1,908106,java 8
1,948840,java 8
1,32747,java 8
1,18237,java 8
1,1332512,java 8
5,1198316,zbrush
5,900338,zbrush
5,1158660,zbrush
5,1533210,zbrush
5,1406622,zbrush
5,2307754,zbrush
5,2508898,zbrush
5,1472960,zbrush
5,2423992,zbrush
5,1926846,zbrush
4,1343482,zbrush
4,1189760,zbrush
4,1483968,zbrush
4,1578480,zbrush
4,1675118,zbrush
4,1925056,zbrush
4,1948042,zbrush
4,207382,zbrush
4,265804,zbrush
4,2641342,zbrush
3,1333204,zbrush
3,1392248,zbrush
3,1772880,zbrush
3,2543709,zbrush
3,667804,zbrush
3,2098844,zbrush
3,1762502,zbrush
3,1592602,zbrush
3,2716586,zbrush
3,2837688,zbrush
2,1400416,zbrush
2,587086,zbrush
2,1914626,zbrush
2,2294365,zbrush
2,2296115,zbrush
2,1437026,zbrush
2,2094234,zbrush
2,1145692,zbrush
2,393912,zbrush
2,1623954,zbrush
1,1495132,zbrush
1,1945466,zbrush
1,841248,zbrush
1,1976812,zbrush
1,1350240,zbrush
1,2756880,zbrush
1,2385646,zbrush
1,2117824,zbrush
1,1867546,zbrush
1,1594580,zbrush
5,815236,spss
5,341502,spss
5,645114,spss
5,1905710,spss
5,1177364,spss
5,531636,spss
5,157806,spss
5,552984,spss
5,84085,spss
5,86332,spss
4,204594,spss
4,515004,spss
4,1321298,spss
4,1424566,spss
4,459702,spss
4,2104410,spss
4,2772630,spss
4,2611840,spss
4,1836608,spss
4,2196890,spss
3,2464372,spss
3,1291984,spss
3,1805854,spss
3,1637820,spss
3,1173580,spss
3,1547482,spss
3,158746,spss
3,2692336,spss
3,2683448,spss
3,2627480,spss
2,144714,spss
2,2218484,spss
2,1163254,spss
2,1426660,spss
2,599312,spss
2,1697078,spss
2,355018,spss
2,196902,spss
2,2634748,spss
2,2086282,spss
1,1838610,spss
1,354260,spss
1,2627916,spss
1,226668,spss
1,736594,spss
1,2537210,spss
1,2591718,spss
1,2619954,spss
1,787400,spss
1,166064,spss
5,2309602,gitlab
5,1735530,gitlab
5,1758002,gitlab
5,2306556,gitlab
5,1699816,gitlab
5,1691652,gitlab
5,2354828,gitlab
5,2326158,gitlab
5,1608356,gitlab
5,2307196,gitlab
4,2371488,gitlab
4,1691506,gitlab
4,2331714,gitlab
4,2300214,gitlab
4,2202220,gitlab
4,2077466,gitlab
4,2050083,gitlab
4,1926756,gitlab
4,1675012,gitlab
4,2544179,gitlab
3,2469838,gitlab
3,2357436,gitlab
3,1587732,gitlab
3,2721710,gitlab
3,2712536,gitlab
3,2598110,gitlab
5,1259546,pytorch
5,2373814,pytorch
5,2025244,pytorch
5,1723932,pytorch
5,1795952,pytorch
5,772462,pytorch
5,1959818,pytorch
5,2662326,pytorch
5,2396992,pytorch
5,2276597,pytorch
4,1678738,pytorch
4,1629496,pytorch
4,2371560,pytorch
4,1691994,pytorch
4,2515454,pytorch
4,2384100,pytorch
4,2088474,pytorch
4,1781596,pytorch
4,2307794,pytorch
4,2084164,pytorch
3,2289351,pytorch
3,1521448,pytorch
3,2014300,pytorch
3,2805621,pytorch
3,2200924,pytorch
3,2332450,pytorch
3,2366900,pytorch
3,2494264,pytorch
3,2200920,pytorch
3,2573250,pytorch
2,2868114,pytorch
2,2502044,pytorch
2,2332172,pytorch
2,2334890,pytorch
2,1964454,pytorch
5,269778,3ds max
5,1267492,3ds max
5,840958,3ds max
5,800754,3ds max
5,2303174,3ds max
5,461864,3ds max
5,1378614,3ds max
5,1153984,3ds max
5,24096,3ds max
5,1872804,3ds max
4,1784614,3ds max
4,1697392,3ds max
4,1268168,3ds max
4,1566242,3ds max
4,1698642,3ds max
4,1905860,3ds max
4,1593654,3ds max
4,1680378,3ds max
4,1012098,3ds max
4,465714,3ds max
3,271440,3ds max
3,57745,3ds max
3,548512,3ds max
3,485478,3ds max
3,1169600,3ds max
3,2571326,3ds max
3,81828,3ds max
3,1758672,3ds max
3,495502,3ds max
3,1623958,3ds max
2,2280994,3ds max
2,1272308,3ds max
2,2494962,3ds max
2,2381760,3ds max
2,969060,3ds max
2,1953770,3ds max
2,1976454,3ds max
2,2165146,3ds max
2,943524,3ds max
2,1795202,3ds max
1,2380660,3ds max
1,1726810,3ds max
1,164094,3ds max
1,1336920,3ds max
1,1761098,3ds max
1,2095372,3ds max
1,1562780,3ds max
1,2215766,3ds max
1,2485224,3ds max
1,2023914,3ds max
5,362328,aws certified developer
5,393306,aws certified developer
5,1921420,aws certified developer
5,2196488,aws certified developer
5,422702,aws certified developer
5,1520628,aws certified developer
5,1047846,aws certified developer
5,1360446,aws certified developer
5,1168192,aws certified developer
5,1105102,aws certified developer
4,1241254,aws certified developer
4,1670116,aws certified developer
4,1108858,aws certified developer
4,2051741,aws certified developer
4,1975038,aws certified developer
4,1362052,aws certified developer
4,1845824,aws certified developer
4,2645936,aws certified developer
4,1878624,aws certified developer
4,2059853,aws certified developer
3,1241098,aws certified developer
3,2253706,aws certified developer
3,1105302,aws certified developer
3,1343886,aws certified developer
3,1957538,aws certified developer
3,2599968,aws certified developer
3,1135330,aws certified developer
3,1600096,aws certified developer
3,2322586,aws certified developer
3,1678170,aws certified developer
2,1102458,aws certified developer
2,1499836,aws certified developer
2,2412964,aws certified developer
2,1824298,aws certified developer
2,1518934,aws certified developer
2,2533568,aws certified developer
2,1461592,aws certified developer
2,743688,aws certified developer
2,1434164,aws certified developer
2,2469516,aws certified developer
1,2316054,aws certified developer
1,1791362,aws certified developer
1,1594300,aws certified developer
1,1543384,aws certified developer
1,1309868,aws certified developer
1,1425762,aws certified developer
1,1426010,aws certified developer
1,1527740,aws certified developer
1,2306930,aws certified developer
1,823888,aws certified developer
5,1747782,adobe
5,1514258,adobe
5,1383810,adobe
5,1276020,adobe
5,270816,adobe
5,1316728,adobe
5,65306,adobe
5,1330276,adobe
5,1452908,adobe
5,927356,adobe
4,55577,adobe
4,1623798,adobe
4,1835828,adobe
4,1376910,adobe
4,962108,adobe
4,1197206,adobe
4,595876,adobe
4,697570,adobe
4,628786,adobe
4,1541728,adobe
3,1984658,adobe
3,1641282,adobe
3,71688,adobe
3,1164278,adobe
3,1503540,adobe
3,1559396,adobe
3,502138,adobe
3,147508,adobe
3,1614570,adobe
3,926234,adobe
2,1494760,adobe
2,1512990,adobe
2,1621628,adobe
2,1611640,adobe
2,21477,adobe
2,2198796,adobe
2,1228144,adobe
2,2401332,adobe
2,2307584,adobe
2,635272,adobe
1,345582,adobe
1,815086,adobe
1,1202746,adobe
1,58838,adobe
1,1256448,adobe
1,1711980,adobe
1,348116,adobe
1,1022032,adobe
1,741100,adobe
1,416542,adobe
5,693188,elasticsearch
5,1245870,elasticsearch
5,1478894,elasticsearch
5,2365836,elasticsearch
5,1134580,elasticsearch
5,1149892,elasticsearch
5,1155592,elasticsearch
5,512094,elasticsearch
5,1364702,elasticsearch
5,1784234,elasticsearch
4,1107998,elasticsearch
4,1721258,elasticsearch
4,906962,elasticsearch
4,971904,elasticsearch
4,1303292,elasticsearch
4,2037486,elasticsearch
4,2826415,elasticsearch
4,1936632,elasticsearch
4,1427960,elasticsearch
4,1681340,elasticsearch
3,1424000,elasticsearch
3,1248424,elasticsearch
3,810374,elasticsearch
3,1309810,elasticsearch
3,506062,elasticsearch
3,1489968,elasticsearch
3,1783062,elasticsearch
3,1907978,elasticsearch
3,2755118,elasticsearch
3,2578978,elasticsearch
2,1924542,elasticsearch
2,1227578,elasticsearch
2,1291702,elasticsearch
2,1226144,elasticsearch
2,1348398,elasticsearch
2,1312720,elasticsearch
2,1021446,elasticsearch
2,2384666,elasticsearch
2,2818167,elasticsearch
2,1291908,elasticsearch
1,1036946,elasticsearch
1,2402406,elasticsearch
1,1882842,elasticsearch
1,1703580,elasticsearch
1,1345118,elasticsearch
1,1314816,elasticsearch
1,1141696,elasticsearch
1,1653744,elasticsearch
1,201158,elasticsearch
1,1227016,elasticsearch
5,964680,investing
5,1202988,investing
5,203732,investing
5,353044,investing
5,502772,investing
5,696616,investing
5,765562,investing
5,635824,investing
5,1252312,investing
5,1185108,investing
4,1200484,investing
4,631166,investing
4,570704,investing
4,1188236,investing
4,1477512,investing
4,386714,investing
4,502240,investing
4,843706,investing
4,602032,investing
4,1182080,investing
3,684784,investing
3,188058,investing
3,578534,investing
3,1110470,investing
3,789186,investing
3,2200794,investing
3,1335984,investing
3,277022,investing
3,411778,investing
3,2493896,investing
2,584410,investing
2,987682,investing
2,2301528,investing
2,2211348,investing
2,738910,investing
2,925854,investing
2,1329878,investing
2,406922,investing
2,2164578,investing
2,33895,investing
1,317452,investing
1,2620994,investing
1,1432010,investing
1,1807840,investing
1,2359718,investing
1,366514,investing
1,743914,investing
1,2761808,investing
1,2340552,investing
1,979616,investing
5,922484,node.js
5,461160,node.js
5,1879018,node.js
5,1254420,node.js
5,833442,node.js
5,1638522,node.js
5,1562070,node.js
5,934680,node.js
5,1337000,node.js
5,1587718,node.js
4,1646980,node.js
4,1672410,node.js
4,1042110,node.js
4,82778,node.js
4,1023976,node.js
4,481002,node.js
4,2609434,node.js
4,1449100,node.js
4,1587732,node.js
4,606096,node.js
3,688196,node.js
3,2262902,node.js
3,1020866,node.js
3,1009254,node.js
3,1770580,node.js
3,1840024,node.js
3,1329184,node.js
3,1013310,node.js
3,1414266,node.js
3,2500156,node.js
2,1676008,node.js
2,1147764,node.js
2,1500508,node.js
2,1720558,node.js
2,1764040,node.js
2,320358,node.js
2,2640372,node.js
2,1463892,node.js
2,1077838,node.js
2,1195840,node.js
1,2548889,node.js
1,1312406,node.js
1,2441240,node.js
1,2512098,node.js
1,409618,node.js
1,1616578,node.js
1,1686008,node.js
1,1365176,node.js
1,1944162,node.js
1,1671328,node.js
5,914296,digital marketing
5,1684832,digital marketing
5,1332238,digital marketing
5,1270870,digital marketing
5,496924,digital marketing
5,1659676,digital marketing
5,1931752,digital marketing
5,647736,digital marketing
5,1675518,digital marketing
5,2344164,digital marketing
4,573984,digital marketing
4,2217998,digital marketing
4,745050,digital marketing
4,920130,digital marketing
4,1238386,digital marketing
4,1496004,digital marketing
4,488130,digital marketing
4,2570102,digital marketing
4,1362736,digital marketing
4,959128,digital marketing
3,2524202,digital marketing
3,1047227,digital marketing
3,1692120,digital marketing
3,184636,digital marketing
3,1013008,digital marketing
3,27854,digital marketing
3,580316,digital marketing
3,1795966,digital marketing
3,1674398,digital marketing
3,1318570,digital marketing
2,1574474,digital marketing
2,378936,digital marketing
2,1833446,digital marketing
2,1580296,digital marketing
2,529554,digital marketing
2,2069595,digital marketing
2,403314,digital marketing
2,1369820,digital marketing
2,1465486,digital marketing
2,1357316,digital marketing
1,206446,digital marketing
1,2031424,digital marketing
1,2152586,digital marketing
1,1380494,digital marketing
1,1445200,digital marketing
1,302746,digital marketing
1,1306796,digital marketing
1,2467776,digital marketing
1,54594,digital marketing
1,693290,digital marketing
5,891644,office 365
5,904324,office 365
5,1754098,office 365
5,1499542,office 365
5,1112948,office 365
5,847758,office 365
5,891882,office 365
5,1298780,office 365
5,890584,office 365
5,2491126,office 365
4,1637906,office 365
4,832312,office 365
4,1088942,office 365
4,1248610,office 365
4,1686288,office 365
4,1636508,office 365
4,988464,office 365
4,891914,office 365
4,2229824,office 365
4,896798,office 365
3,1129564,office 365
3,973394,office 365
3,994316,office 365
3,1788412,office 365
3,891764,office 365
3,1256848,office 365
3,891724,office 365
3,1630824,office 365
3,1594268,office 365
3,1726668,office 365
2,1529446,office 365
2,1867542,office 365
2,1434734,office 365
2,449134,office 365
2,1549562,office 365
2,1136450,office 365
2,1770346,office 365
2,2559824,office 365
2,793796,office 365
2,2234564,office 365
1,909120,office 365
1,1738314,office 365
1,2500010,office 365
1,1769424,office 365
1,1630802,office 365
1,2214998,office 365
1,1054708,office 365
1,187544,office 365
1,666672,office 365
1,897973,office 365
5,1098006,public speaking
5,852192,public speaking
5,1576710,public speaking
5,139200,public speaking
5,137144,public speaking
5,144228,public speaking
5,2296344,public speaking
5,1280842,public speaking
5,206886,public speaking
5,1335042,public speaking
4,281634,public speaking
4,1551840,public speaking
4,242886,public speaking
4,455146,public speaking
4,20743,public speaking
4,296403,public speaking
4,1448556,public speaking
4,1214850,public speaking
4,1744000,public speaking
4,414930,public speaking
3,1302974,public speaking
3,125200,public speaking
3,674986,public speaking
3,1349000,public speaking
3,1617198,public speaking
3,635366,public speaking
3,343316,public speaking
3,1199032,public speaking
3,1723120,public speaking
3,2154836,public speaking
2,932802,public speaking
2,2472988,public speaking
2,1731202,public speaking
2,997868,public speaking
2,568654,public speaking
2,2554843,public speaking
2,1112366,public speaking
2,2605652,public speaking
2,151902,public speaking
2,312356,public speaking
1,111660,public speaking
1,454722,public speaking
1,348510,public speaking
1,276058,public speaking
1,1856814,public speaking
1,2686930,public speaking
1,63095,public speaking
1,297254,public speaking
1,980962,public speaking
1,1789608,public speaking
5,271228,wordpress theme development
5,355212,wordpress theme development
5,520116,wordpress theme development
5,1010586,wordpress theme development
5,1178762,wordpress theme development
5,576054,wordpress theme development
5,62768,wordpress theme development
5,1045646,wordpress theme development
5,552258,wordpress theme development
5,1010580,wordpress theme development
4,1466374,wordpress theme development
4,1529576,wordpress theme development
4,911474,wordpress theme development
4,857162,wordpress theme development
4,896858,wordpress theme development
4,1109602,wordpress theme development
4,1012816,wordpress theme development
4,1769052,wordpress theme development
4,378726,wordpress theme development
4,1156836,wordpress theme development
3,492818,wordpress theme development
3,1498332,wordpress theme development
3,411462,wordpress theme development
3,773138,wordpress theme development
3,1400228,wordpress theme development
3,1356532,wordpress theme development
3,1465948,wordpress theme development
3,871620,wordpress theme development
3,435686,wordpress theme development
3,882488,wordpress theme development
2,1930046,wordpress theme development
2,1547426,wordpress theme development
2,1791340,wordpress theme development
2,1455618,wordpress theme development
2,1063430,wordpress theme development
2,1510954,wordpress theme development
2,1467886,wordpress theme development
2,1263030,wordpress theme development
2,859936,wordpress theme development
2,1636736,wordpress theme development
1,536546,wordpress theme development
1,576694,wordpress theme development
1,1237816,wordpress theme development
1,529028,wordpress theme development
1,1267750,wordpress theme development
1,310072,wordpress theme development
1,686764,wordpress theme development
1,411446,wordpress theme development
1,156830,wordpress theme development
1,2152898,wordpress theme development
5,308690,trading
5,1288044,trading
5,1212032,trading
5,43319,trading
5,1587644,trading
5,1255136,trading
5,1400902,trading
5,627540,trading
5,746432,trading
5,1400386,trading
4,2327156,trading
4,260470,trading
4,258232,trading
4,285638,trading
4,1691546,trading
4,1297958,trading
4,1867704,trading
4,1568560,trading
4,1989694,trading
4,1736080,trading
3,2076630,trading
3,236812,trading
3,1713326,trading
3,1424248,trading
3,543242,trading
3,1266306,trading
3,317030,trading
3,316750,trading
3,1313548,trading
3,696616,trading
2,1899814,trading
2,1214702,trading
2,765562,trading
2,180362,trading
2,1097486,trading
2,918688,trading
2,2087822,trading
2,1913522,trading
2,284118,trading
2,2516282,trading
1,1848110,trading
1,1170626,trading
1,1687616,trading
1,576906,trading
1,2087826,trading
1,1922804,trading
1,2104528,trading
1,1989682,trading
1,1989698,trading
1,364810,trading
5,308690,forex
5,260470,forex
5,258232,forex
5,308694,forex
5,1297958,forex
5,317030,forex
5,308696,forex
5,1400902,forex
5,97338,forex
5,2237864,forex
4,2327156,forex
4,1266306,forex
4,236812,forex
4,284118,forex
4,1687616,forex
4,1214702,forex
4,364810,forex
4,1867704,forex
4,323950,forex
4,1736080,forex
3,1364624,forex
3,1091206,forex
3,1313548,forex
3,1097486,forex
3,910650,forex
3,1892272,forex
3,1129274,forex
3,20185,forex
3,355622,forex
3,236070,forex
2,1327966,forex
2,1913522,forex
2,1500202,forex
2,1999244,forex
2,2381776,forex
2,2221174,forex
2,40039,forex
2,709500,forex
2,1125506,forex
2,2277621,forex
1,438174,forex
1,738624,forex
1,1229064,forex
1,617976,forex
1,2004106,forex
1,673016,forex
1,1319136,forex
1,1218552,forex
1,1313976,forex
1,543212,forex
5,892806,spark
5,980798,spark
5,622414,spark
5,1328642,spark
5,977062,spark
5,831458,spark
5,996228,spark
5,891848,spark
5,1398116,spark
5,1984720,spark
4,1554340,spark
4,824050,spark
4,943898,spark
4,1689450,spark
4,1431254,spark
4,526136,spark
4,1281488,spark
4,792230,spark
4,978454,spark
4,1182378,spark
3,727220,spark
3,1586480,spark
3,956132,spark
3,1968882,spark
3,918746,spark
3,1360384,spark
3,2622982,spark
3,1993754,spark
3,1418348,spark
3,2057961,spark
2,988702,spark
2,886054,spark
2,1764358,spark
2,988708,spark
2,886024,spark
2,354532,spark
2,988716,spark
2,1925100,spark
2,2242320,spark
2,1580786,spark
1,2693748,spark
1,2650718,spark
1,2029126,spark
1,1877102,spark
1,997366,spark
1,2777804,spark
1,1111116,spark
1,1948756,spark
1,2040672,spark
1,2047289,spark
5,246314,appium
5,1474244,appium
5,279002,appium
5,835604,appium
5,877582,appium
5,1298862,appium
5,1460278,appium
5,2546221,appium
5,671848,appium
5,1396930,appium
4,2366246,appium
4,1513728,appium
4,2283014,appium
4,1173254,appium
4,1980544,appium
4,397418,appium
4,1528280,appium
4,2109194,appium
4,1364956,appium
4,2669840,appium
3,2270694,appium
3,1050612,appium
3,1458232,appium
3,2129420,appium
3,1667180,appium
3,1961770,appium
3,2539086,appium
3,2555103,appium
3,2860542,appium
3,1560542,appium
2,2019084,appium
2,808966,appium
2,2277439,appium
2,1971066,appium
2,1455764,appium
2,990374,appium
2,2559118,appium
2,525038,appium
2,632370,appium
2,1415884,appium
1,2847968,appium
5,328386,google analytics
5,613946,google analytics
5,1710336,google analytics
5,1707576,google analytics
5,671544,google analytics
5,1203914,google analytics
5,203440,google analytics
5,1800024,google analytics
5,668966,google analytics
5,1663348,google analytics
4,2014966,google analytics
4,720528,google analytics
4,866958,google analytics
4,1613102,google analytics
4,1730994,google analytics
4,2281272,google analytics
4,444228,google analytics
4,1333128,google analytics
4,612640,google analytics
4,1837402,google analytics
3,597768,google analytics
3,1689664,google analytics
3,1508940,google analytics
3,647944,google analytics
3,1402490,google analytics
3,1614746,google analytics
3,1906514,google analytics
3,1392820,google analytics
3,1146320,google analytics
3,2219902,google analytics
2,1468542,google analytics
2,1781832,google analytics
2,1480490,google analytics
2,515248,google analytics
2,703984,google analytics
2,723816,google analytics
2,1863474,google analytics
2,1523844,google analytics
2,1534732,google analytics
2,19009,google analytics
1,2605700,google analytics
1,403198,google analytics
1,1929204,google analytics
1,1972190,google analytics
1,648208,google analytics
1,1433060,google analytics
1,987746,google analytics
1,1557096,google analytics
1,2467776,google analytics
1,1704642,google analytics
5,1219332,artificial intelligence
5,1080408,artificial intelligence
5,1151632,artificial intelligence
5,1990136,artificial intelligence
5,671576,artificial intelligence
5,1349250,artificial intelligence
5,1153742,artificial intelligence
5,2063545,artificial intelligence
5,2430492,artificial intelligence
5,528460,artificial intelligence
4,1744722,artificial intelligence
4,1682352,artificial intelligence
4,2368370,artificial intelligence
4,1673932,artificial intelligence
4,2084384,artificial intelligence
4,714978,artificial intelligence
4,1557250,artificial intelligence
4,2410704,artificial intelligence
4,1904708,artificial intelligence
4,1765870,artificial intelligence
3,1949472,artificial intelligence
3,2266378,artificial intelligence
3,2400830,artificial intelligence
3,1674948,artificial intelligence
3,1803384,artificial intelligence
3,1724702,artificial intelligence
3,1298012,artificial intelligence
3,2546489,artificial intelligence
3,2310440,artificial intelligence
3,1671686,artificial intelligence
2,1964572,artificial intelligence
2,1809418,artificial intelligence
2,2475030,artificial intelligence
2,2291401,artificial intelligence
2,2431512,artificial intelligence
2,2472890,artificial intelligence
2,1435762,artificial intelligence
2,1750258,artificial intelligence
2,2855694,artificial intelligence
2,1310970,artificial intelligence
1,2311392,artificial intelligence
1,1681830,artificial intelligence
1,1338718,artificial intelligence
1,2835114,artificial intelligence
1,1520742,artificial intelligence
1,2131354,artificial intelligence
1,923744,artificial intelligence
1,2184046,artificial intelligence
1,1314996,artificial intelligence
1,1501536,artificial intelligence
5,1057142,vmware
5,1237876,vmware
5,1411306,vmware
5,1225172,vmware
5,54487,vmware
5,593108,vmware
5,989516,vmware
5,62400,vmware
5,1262598,vmware
5,51510,vmware
4,2052309,vmware
4,242172,vmware
4,210770,vmware
4,1768944,vmware
4,1076164,vmware
4,1016050,vmware
4,81214,vmware
4,1354708,vmware
4,2043112,vmware
4,445764,vmware
3,2280266,vmware
3,2292363,vmware
3,1664482,vmware
3,986612,vmware
3,606772,vmware
3,1960508,vmware
3,1305696,vmware
3,733136,vmware
3,749044,vmware
3,952454,vmware
2,2201882,vmware
2,720094,vmware
2,1534422,vmware
2,2170342,vmware
2,1177894,vmware
2,2608208,vmware
2,1358711,vmware
2,2553021,vmware
2,1008888,vmware
2,1861962,vmware
1,727108,vmware
1,733146,vmware
1,1419144,vmware
1,1151492,vmware
1,1387766,vmware
1,1450888,vmware
1,275342,vmware
1,2076532,vmware
1,2540520,vmware
1,2056915,vmware
